x,y,z,a,b,c,d
220.0016125,250.0030457,10.86493286,0.999994971,-0.004369349,0.002313225,1.55909E-09
219.999984,249.9847949,11.65085675,0.999637612,0.027218655,-0.002425453,0.000259874
219.9315174,249.9637106,12.40490554,0.994124774,0.031845181,-0.103415084,7.62015E-05
219.860574,249.9418648,13.09485464,0.993265118,0.034084504,-0.11069298,8.57725E-05
219.7870941,249.919239,13.72705963,0.992321745,0.036380914,-0.118156997,9.55966E-05
219.7110222,249.8958165,14.30729325,0.99129369,0.038725544,-0.125779063,0.000106827
219.6323083,249.8715824,14.84081181,0.990181421,0.041107695,-0.133527312,0.000123335
219.5509088,249.8465255,15.3323779,0.988986532,0.043514986,-0.141369837,0.000154931
219.4667884,249.8206403,15.78630272,0.987712425,0.04593082,-0.149271568,0.000221644
219.3803877,249.7941007,16.20643151,0.986514141,0.048020344,-0.156362295,0.000523648
219.2912517,249.7667815,16.59630588,0.985120024,0.050318419,-0.164213204,0.000912198
219.1989016,249.7384154,16.95903685,0.983480986,0.053104804,-0.172903743,0.000594825
219.1039729,249.7090811,17.29709603,0.981985052,0.055744284,-0.180397227,-0.000356709
219.0065594,249.6788838,17.61310183,0.980490529,0.058159393,-0.187615336,-0.000824429
218.9041731,249.6473076,17.91258413,0.977997012,0.061406151,-0.199088419,-0.000108844
218.797656,249.6144568,18.19767859,0.975729846,0.064404526,-0.208875597,-0.000169598
218.6861933,249.5798659,18.47200672,0.973023943,0.06822572,-0.219842837,-0.000757663
218.5732856,249.5432952,18.73175485,0.971553785,0.072785818,-0.224709158,-0.005203293
218.4587213,249.5043734,18.97950767,0.969921816,0.078032896,-0.229667368,-0.010980504
218.342199,249.4624595,19.21796885,0.967991309,0.084482792,-0.234837618,-0.019229854
218.2235814,249.4176055,19.44926855,0.965946137,0.090755785,-0.239973851,-0.027210052
218.1027275,249.3697498,19.67553975,0.963748909,0.097048885,-0.245053284,-0.035781939
217.985803,249.3445841,19.85145581,0.96631394,0.052941879,-0.245871878,-0.050913214
217.8747488,249.3179418,19.95907091,0.965449778,0.058882994,-0.24533382,-0.06191024
217.7727078,249.2845529,20,0.967525652,0.0777712,-0.237630163,-0.032032175
217.6746814,249.2540681,20,0.9684364,0.073412886,-0.236020877,-0.026558842
217.5766239,249.2264878,20,0.968860377,0.06643443,-0.236142459,-0.028467808
217.4785653,249.1990263,20,0.968877526,0.066148645,-0.236147032,-0.02851746
217.3805056,249.1716864,20,0.968895027,0.065856584,-0.236151668,-0.028566249
217.2824449,249.1444707,20,0.968912895,0.065558015,-0.236156368,-0.02861409
217.184383,249.1173821,20,0.968931142,0.065252688,-0.23616113,-0.028660889
217.08632,249.0904234,20,0.968949784,0.064940344,-0.236165955,-0.028706544
216.9882559,249.0635977,20,0.968968836,0.064620709,-0.236170842,-0.028750947
216.8901906,249.0369082,20,0.968988313,0.064293492,-0.236175791,-0.028793978
216.7921242,249.010358,20,0.969008232,0.063958387,-0.236180801,-0.028835509
216.6940567,248.9839507,20,0.969028612,0.063615071,-0.23618587,-0.028875402
216.5959881,248.9576898,20,0.969049471,0.0632632,-0.236190998,-0.028913505
216.4979184,248.9315789,20,0.969070829,0.06290241,-0.236196183,-0.028949655
216.3998475,248.905622,20,0.969092707,0.062532319,-0.236201422,-0.028983675
216.3017756,248.8798232,20,0.969115128,0.062152515,-0.236206714,-0.02901537
216.2037025,248.8541865,20,0.969138115,0.061762566,-0.236212055,-0.02904453
216.1056284,248.8287164,20,0.969161694,0.061362009,-0.236217443,-0.029070927
216.0075532,248.8034176,20,0.969185891,0.060950353,-0.236222874,-0.02909431
215.9162781,248.7464103,19.99995651,0.965734594,0.137091964,-0.219499519,0.000128873
215.8249988,248.6893995,19.99995651,0.965733586,0.137095251,-0.219501851,0.000128813
215.7337198,248.6323882,19.99995651,0.965733593,0.137096548,-0.21950101,0.000128822
215.6424412,248.5753764,19.99995651,0.9657336,0.137097872,-0.219500151,0.000128831
215.5511629,248.5183639,19.99995651,0.965733608,0.137099227,-0.219499272,0.000128841
215.459885,248.461351,19.99995651,0.965733616,0.137100612,-0.219498372,0.00012885
215.3686075,248.4043374,19.99995651,0.965733624,0.137102029,-0.21949745,0.00012886
215.2773305,248.3473232,19.99995651,0.965733633,0.13710348,-0.219496506,0.00012887
215.1860538,248.2903084,19.99995651,0.965733642,0.137104966,-0.219495538,0.00012888
215.0947775,248.233293,19.99995651,0.965733652,0.137106489,-0.219494544,0.00012889
215.0035016,248.1762769,19.99995651,0.965733662,0.137108052,-0.219493524,0.000128901
214.9122262,248.1192601,19.99995651,0.965733672,0.137109655,-0.219492476,0.000128912
214.8209512,248.0622427,19.99995651,0.965733684,0.137111302,-0.219491399,0.000128923
214.7296767,248.0052246,19.99995651,0.965733695,0.137112994,-0.21949029,0.000128935
214.6384027,247.9482057,19.99995651,0.965733708,0.137114734,-0.219489148,0.000128947
214.5471291,247.8911861,19.99995651,0.965733721,0.137116526,-0.219487971,0.000128959
214.4558561,247.8341657,19.99995651,0.965733735,0.137118371,-0.219486757,0.000128972
214.3645836,247.7771446,19.99995651,0.96573375,0.137120275,-0.219485502,0.000128985
214.2733116,247.7201226,19.99995651,0.965733766,0.137122239,-0.219484206,0.000128998
214.1820402,247.6630998,19.99995651,0.965733783,0.137124269,-0.219482863,0.000129012
214.0907693,247.6060761,19.99995651,0.965733802,0.137126368,-0.219481472,0.000129027
213.9994991,247.5490515,19.99995651,0.965733821,0.137128543,-0.219480029,0.000129042
213.938832,247.4613564,19.99996159,0.966359921,0.210951741,-0.145930527,4.06995E-05
213.8781655,247.3736616,19.99996158,0.966360037,0.210951719,-0.145929801,4.06994E-05
213.8174993,247.2859667,19.99996159,0.966360044,0.21095204,-0.145929291,4.06947E-05
213.7537589,247.200471,19.99996157,0.966355276,0.205660964,-0.153323705,0.000100903
213.6900191,247.1149748,19.99996157,0.96635529,0.20566192,-0.153322333,0.000100897
213.6262799,247.0294782,19.99996157,0.966355305,0.205662903,-0.153320922,0.00010089
213.5625412,246.9439812,19.99996158,0.966355321,0.205663913,-0.153319469,0.000100884
213.4988032,246.8584838,19.99996158,0.966355338,0.205664953,-0.15331797,0.000100877
213.4350659,246.7729859,19.99996158,0.966355355,0.205666024,-0.153316425,0.00010087
213.3713292,246.6874876,19.99996157,0.966355374,0.205667128,-0.153314828,0.000100863
213.3075932,246.6019888,19.99996158,0.966355394,0.205668268,-0.153313178,0.000100855
213.2438579,246.5164895,19.99996158,0.966355415,0.205669445,-0.153311469,0.000100848
213.1801234,246.4309897,19.99996157,0.966355437,0.205670663,-0.153309698,0.00010084
213.1163896,246.3454893,19.99996158,0.96635546,0.205671924,-0.153307861,0.000100831
213.0526566,246.2599885,19.99996157,0.966355486,0.205673232,-0.153305951,0.000100823
212.9889244,246.174487,19.99996157,0.966355512,0.205674589,-0.153303963,0.000100814
212.9396071,246.0798945,19.99996655,0.966307848,0.227532549,-0.118630923,0.005944641
212.8903298,245.9852874,19.99996655,0.966310741,0.227568806,-0.118535294,0.005997277
212.841094,245.8906647,19.99996655,0.96631373,0.227606585,-0.11843574,0.006052142
212.7919015,245.7960258,19.99996655,0.966316899,0.22764588,-0.118331598,0.006108998
212.7427545,245.7013701,19.99996655,0.966320258,0.227686814,-0.118222512,0.006168006
212.8407432,245.6662777,20,0.96769918,0.084473918,0.235847313,0.021325795
212.9387302,245.6312373,20,0.967708256,0.084350843,0.235848116,0.021396051
213.0367175,245.5962479,20,0.967716991,0.084228286,0.235849641,0.021470582
213.1347051,245.5613104,20,0.967725854,0.084103689,0.235851207,0.021545961
213.2326929,245.5264258,20,0.967734848,0.083976995,0.235852814,0.021622203
213.330681,245.4915948,20,0.967743978,0.083848146,0.235854464,0.021699326
213.4286694,245.4568184,20,0.967753248,0.083717075,0.235856158,0.021777342
213.5266581,245.4220976,20,0.967762659,0.083583721,0.235857898,0.021856269
213.6246471,245.3874339,20,0.967772358,0.083446929,0.23585968,0.021934224
213.7226365,245.3528276,20,0.96778207,0.083308784,0.235861515,0.022014972
213.8206262,245.31828,20,0.967791938,0.083168142,0.2358634,0.022096681
213.9186163,245.2837921,20,0.967801965,0.083024928,0.235865338,0.022179368
214.0166068,245.2493649,20,0.967812156,0.082879061,0.235867329,0.022263051
214.1100413,245.1968054,19.99996091,0.965991214,0.126412824,0.224720375,0.002308776
214.203482,245.1442491,19.99996091,0.965990897,0.126401442,0.224727989,0.002320826
214.2969252,245.0916991,19.99996091,0.965991404,0.126386377,0.224734211,0.002329614
214.390371,245.0391554,19.99996091,0.96599192,0.12637106,0.224740533,0.002338546
214.4838195,244.9866182,19.99996091,0.965992445,0.126355485,0.224746958,0.002347627
214.5772706,244.9340876,19.99996091,0.965992979,0.126339642,0.224753488,0.002356861
214.6707245,244.8815638,19.99996091,0.965993524,0.126323524,0.224760128,0.002366252
214.7641812,244.8290467,19.99996091,0.965994079,0.126307122,0.224766879,0.002375806
214.8576407,244.7765367,19.99996091,0.965994645,0.126290427,0.224773747,0.002385528
214.9511031,244.7240337,19.99996091,0.965995221,0.12627343,0.224780734,0.002395422
215.0445684,244.6715379,19.99996091,0.965995809,0.126256119,0.224787846,0.002405495
215.1380367,244.6190495,19.99996091,0.965996408,0.126238486,0.224795084,0.002415752
215.231508,244.5665685,19.99996092,0.96599702,0.126220519,0.224802455,0.002426199
215.3249824,244.5140952,19.99996092,0.965997644,0.126202207,0.224809962,0.002436842
215.41846,244.4616297,19.99996092,0.965998281,0.126183537,0.224817611,0.002447689
215.5119408,244.4091721,19.99996092,0.965998931,0.126164497,0.224825405,0.002458745
215.6054248,244.3567226,19.99996092,0.965999595,0.126145074,0.224833351,0.002470019
215.6989122,244.3042813,19.99996092,0.966000273,0.126125253,0.224841454,0.002481518
215.792403,244.2518485,19.99996092,0.966000967,0.12610502,0.224849719,0.002493251
215.8861134,244.1999697,19.99996095,0.966047524,0.124775533,0.225382935,0.003248938
215.9798282,244.1481022,19.99996095,0.966048485,0.124748691,0.225393498,0.003263812
216.0735474,244.096246,19.99996096,0.966049467,0.124721275,0.225404281,0.003278995
216.1672712,244.0444015,19.99996096,0.96605047,0.124693259,0.225415294,0.003294494
216.2609995,243.9925689,19.99996096,0.966051497,0.124664619,0.225426544,0.003310321
216.3547326,243.9407486,19.99996096,0.966052548,0.12463533,0.225438041,0.00332649
216.4484706,243.8889407,19.99996096,0.966053624,0.124605365,0.225449795,0.003343014
216.5422135,243.8371456,19.99996096,0.966054726,0.124574696,0.225461816,0.003359907
216.6203865,243.7636812,19.99996544,0.965952221,0.176682524,0.188009823,0.000422199
216.6800665,243.6752747,19.99996186,0.966337923,0.212658696,0.143562872,2.26982E-05
216.7397468,243.5868679,19.99996187,0.966337874,0.212658711,0.143563181,2.27317E-05
216.7935339,243.4938468,19.99995678,0.965838353,0.223702846,0.129351065,-0.001207043
216.8375702,243.397561,19.99997344,0.966761499,0.231652994,0.105951853,-0.01108525
216.8518766,243.2995267,20,0.970641816,0.236307032,0.034498487,-0.023193743
216.8660637,243.2014954,20,0.97065594,0.236304844,0.034211342,-0.023056606
216.8786157,243.1034877,20,0.970845135,0.2362739,0.03027225,-0.020908293
216.8903502,243.0054908,20,0.970931265,0.236259783,0.028302077,-0.019847079
216.901965,242.9074963,20,0.970945138,0.236255985,0.028013819,-0.019629416
216.9134804,242.8095031,20,0.970955278,0.236254184,0.027774284,-0.019495248
216.9248957,242.7115113,20,0.970965437,0.236252359,0.027532821,-0.019359259
216.9362099,242.6135208,20,0.970975617,0.236250507,0.027289389,-0.019221389
216.9474223,242.5155317,20,0.970985813,0.236248631,0.027043979,-0.019081631
216.9585321,242.4175439,20,0.970996027,0.23624673,0.02679657,-0.018939961
216.9695384,242.3195576,20,0.971006255,0.236244805,0.02654714,-0.018796355
216.9804403,242.2215726,20,0.971016498,0.236242855,0.026295669,-0.018650786
216.9910638,242.123608,19.99997833,0.971063269,0.236204797,0.025624841,-0.01764736
216.9996993,242.0256699,19.99997384,0.971245324,0.236164013,0.020831692,-0.014287657
217.008336,241.9277296,19.9999738,0.971241461,0.236167992,0.020834401,-0.014475728
217.0168994,241.82979,19.99997379,0.971247166,0.236166959,0.020657894,-0.014366648
217.0253894,241.7318511,19.99997379,0.971252852,0.236165897,0.020480761,-0.014257259
217.0338056,241.6339131,19.99997379,0.971258529,0.236164829,0.020302623,-0.014146918
217.0421474,241.5359758,19.99997379,0.971264197,0.236163756,0.020123471,-0.014035615
217.0504145,241.4380393,19.99997379,0.971269855,0.236162677,0.019943297,-0.013923342
217.0586065,241.3401036,19.99997379,0.971275503,0.236161592,0.019762091,-0.013810087
217.0667229,241.2421686,19.99997379,0.97128114,0.236160503,0.019579846,-0.013695841
217.0747633,241.1442345,19.99997378,0.971286766,0.236159407,0.019396552,-0.013580594
217.0827272,241.0463011,19.99997378,0.971292379,0.236158307,0.019212199,-0.013464336
217.0906143,240.9483685,19.99997378,0.971297982,0.236157201,0.019026736,-0.013346986
217.0984243,240.8504367,19.99997378,0.971303528,0.236156112,0.018841069,-0.013230085
217.1061565,240.7525056,19.99997378,0.9713091,0.236154998,0.018653495,-0.013110768
217.1138106,240.6545754,19.99997378,0.971314657,0.236153878,0.018464826,-0.012990398
217.1211134,240.5566677,19.9999783,0.971363172,0.236107546,0.017618559,-0.011489427
217.1283433,240.4587609,19.9999783,0.971367956,0.236106587,0.017442814,-0.011376695
217.1355,240.3608548,19.99997829,0.971372687,0.236105749,0.017266315,-0.011263405
217.1425831,240.2629493,19.99997829,0.971377405,0.236104903,0.017088742,-0.011149045
217.1495921,240.1650445,19.99997829,0.971382111,0.236104051,0.016910082,-0.011033599
217.1565588,240.0671382,19.99997618,0.971382432,0.236107944,0.016807977,-0.011074246
217.1634521,239.9692322,19.99997614,0.971386854,0.23610748,0.016630956,-0.010967249
217.170269,239.8713268,19.99997614,0.971391622,0.236106551,0.016446783,-0.010846884
217.1770091,239.7734221,19.99997613,0.971396374,0.236105613,0.016261461,-0.010725349
217.1836719,239.6755181,19.99997613,0.971401111,0.236104667,0.016074979,-0.010602632
217.1902545,239.5776149,19.99997618,0.971406158,0.236103311,0.015881521,-0.010466674
217.1967564,239.4797126,19.99997622,0.97141118,0.236101947,0.015687009,-0.01032955
217.203151,239.3818114,19.99997609,0.971418313,0.236100306,0.015428016,-0.01009175
217.2094644,239.2839111,19.99997614,0.971423238,0.236098933,0.015232368,-0.009952033
217.2156988,239.1860114,19.99997614,0.971427817,0.236097955,0.015041554,-0.009823319
217.2218563,239.0881122,19.99997609,0.971432028,0.236097395,0.014856206,-0.00970688
217.2279336,238.9902137,19.99997609,0.971436569,0.236096404,0.014662819,-0.009575545
217.2338067,238.8923228,19.99997376,0.971455888,0.236079036,0.014167228,-0.008811879
217.2396014,238.7944325,19.99997376,0.971460094,0.236078166,0.013978188,-0.008679162
217.2453171,238.6965427,19.99997376,0.971464299,0.23607723,0.013787706,-0.008544603
217.2510035,238.5986515,19.99997268,0.971463111,0.236081317,0.013718001,-0.008660721
217.2566088,238.500761,19.99997268,0.971467386,0.236080314,0.01352209,-0.008522534
217.2621322,238.4028711,19.99997268,0.971471645,0.236079275,0.013324775,-0.008382613
217.2675733,238.3049818,19.99997268,0.971475882,0.236078228,0.013126027,-0.008240894
217.2729203,238.2070918,19.99997189,0.971478623,0.236080591,0.012899395,-0.008193273
217.2782185,238.1092003,19.99997115,0.971478974,0.236084362,0.012781718,-0.008219979
217.2834268,238.0113097,19.99997126,0.971483786,0.236082492,0.012564882,-0.008047317
217.2885557,237.9134195,19.99997115,0.971487371,0.236082139,0.012373294,-0.007926953
217.2936014,237.8155298,19.99997109,0.971491257,0.236081383,0.012172703,-0.007790138
217.2985579,237.7176411,19.99997115,0.971495701,0.236079834,0.0119574,-0.007624496
217.3034246,237.6197532,19.9999712,0.971500109,0.236078267,0.011740678,-0.007456732
217.2864723,237.5216898,20,0.970316877,0.236333161,-0.040870048,0.025863808
217.2697342,237.4236299,20,0.970344163,0.236331615,-0.040354625,0.025674397
217.2532143,237.3255721,20,0.970371629,0.236330292,-0.039829535,0.025479393
217.2369273,237.2275171,20,0.970401887,0.236327596,-0.039268566,0.025234674
217.216098,237.1294329,20,0.969805932,0.236320383,-0.050201242,0.028382286
217.1954938,237.0313493,20,0.969836442,0.236322921,-0.049659665,0.028282451
217.1751214,236.9332663,20,0.969867769,0.236325289,-0.049102062,0.028173414
217.1157702,236.8446624,19.99996157,0.966350768,0.213144189,-0.142769526,1.91939E-05
217.0817355,236.7466671,20,0.967877231,0.235881456,-0.081935525,0.022796972
217.0486317,236.6486666,20,0.968029137,0.235914532,-0.079702603,0.023952183
217.015589,236.5506656,20,0.968038963,0.235916866,-0.079555669,0.024024197
216.9826085,236.452664,20,0.968048934,0.23591925,-0.079406294,0.024096855
216.9496913,236.3546618,20,0.968059055,0.235921685,-0.07925441,0.024170165
216.9168385,236.2566591,20,0.968069329,0.235924173,-0.079099945,0.024244131
216.8667781,236.1623517,19.99996563,0.966253232,0.226847633,-0.120418523,0.004927908
216.8167235,236.0680359,19.99996564,0.966251859,0.226861763,-0.120401365,0.004954815
216.7666788,235.9737149,19.99996564,0.966251761,0.22687424,-0.120377518,0.004976513
216.7166446,235.8793888,19.99996564,0.96625185,0.22688672,-0.120352228,0.004997832
216.6666215,235.7850574,19.99996564,0.966252073,0.226899265,-0.120325764,0.005018953
216.6166097,235.6907208,19.99996564,0.9662524,0.226911919,-0.120298278,0.005039984
216.5666098,235.5963789,19.99996564,0.966252813,0.226924709,-0.120269859,0.005061
216.5166221,235.5020316,19.99996564,0.966253298,0.226937657,-0.120240558,0.005082053
216.4706045,235.4063353,19.99996965,0.966586736,0.230217905,-0.11071012,0.009442312
216.4246118,235.3106316,19.99996965,0.966588862,0.230236657,-0.110650713,0.009466005
216.3786684,235.2149243,19.9999709,0.96660096,0.230246617,-0.110532828,0.009385871
216.332749,235.1192089,19.99997085,0.966602542,0.230266469,-0.110475226,0.009415441
216.285566,235.0238731,19.99996771,0.966479281,0.229340135,-0.113507698,0.008412405
216.2388011,234.928401,19.99996772,0.966514497,0.229671303,-0.112504099,0.008842793
216.1920592,234.8329209,19.99996766,0.966516089,0.229690746,-0.112448566,0.008871713
216.1453429,234.7374331,19.99996772,0.966518605,0.229709487,-0.112387268,0.008892073
216.0986525,234.6419375,19.99996778,0.966521157,0.229728505,-0.112325033,0.008912757
216.0519854,234.5464333,19.99996766,0.966522403,0.229749297,-0.112269103,0.008947173
216.0053441,234.4509209,19.99996766,0.966524575,0.229769426,-0.112207321,0.008973084
215.9587289,234.3554,19.99996766,0.966526784,0.229789864,-0.112144503,0.008999369
215.9121413,234.2598709,19.99996772,0.966529473,0.229810138,-0.112078232,0.009021626
215.8655798,234.1643328,19.99996766,0.966531317,0.22983171,-0.112015681,0.009053123
215.8190458,234.068786,19.99996766,0.96653364,0.229853149,-0.1119496,0.009080636
215.7725407,233.9732304,19.99996772,0.966536434,0.229874464,-0.111880035,0.009104262
215.7077738,233.8885312,19.99996157,0.96636595,0.203747525,-0.155794561,5.71581E-05
215.6430066,233.8038313,19.99996157,0.966365795,0.203748238,-0.155794575,5.71551E-05
215.5782396,233.7191313,19.99996157,0.966365797,0.203748493,-0.155794229,5.71537E-05
215.5134726,233.6344311,19.99996157,0.966365799,0.203748751,-0.15579388,5.71523E-05
215.4487059,233.5497309,19.99996157,0.966365801,0.203749013,-0.155793526,5.71509E-05
215.3895531,233.4598258,19.99995639,0.965733782,0.216198184,-0.142246723,-0.000165169
215.3303996,233.3699204,19.99995639,0.965733648,0.216197951,-0.142247972,-0.000165169
215.2712457,233.2800153,19.99995639,0.965733651,0.216197294,-0.142248954,-0.000165176
215.2120914,233.1901104,19.99995639,0.965733654,0.216196628,-0.142249949,-0.000165183
215.1529366,233.1002058,19.99995639,0.965733656,0.216195953,-0.142250957,-0.00016519
215.0937815,233.0103016,19.99995639,0.965733659,0.216195269,-0.142251978,-0.000165198
215.0346258,232.9203976,19.99995639,0.965733662,0.216194575,-0.142253013,-0.000165205
214.9754698,232.8304939,19.99995639,0.965733665,0.216193872,-0.142254062,-0.000165213
214.9017921,232.754194,19.99996374,0.96671659,0.183576659,-0.177261846,-0.000336706
214.8281145,232.6778952,19.99996374,0.96671677,0.18357519,-0.177262402,-0.000336698
214.7544366,232.6015968,19.99996374,0.966716775,0.18357418,-0.177263422,-0.000336701
214.6807582,232.5252989,19.99996374,0.96671678,0.183573157,-0.177264453,-0.000336703
214.6070793,232.4490013,19.99996374,0.966716785,0.183572121,-0.177265497,-0.000336706
214.5334001,232.3727042,19.99996374,0.966716791,0.183571073,-0.177266555,-0.000336709
214.4597203,232.2964076,19.99996374,0.966716796,0.183570011,-0.177267625,-0.000336712
214.3860402,232.2201114,19.99996374,0.966716802,0.183568935,-0.177268709,-0.000336714
214.3123595,232.1438156,19.99996374,0.966716807,0.183567845,-0.177269807,-0.000336717
214.2386785,232.0675203,19.99996374,0.966716813,0.183566741,-0.177270919,-0.00033672
214.1649969,231.9912255,19.99996374,0.966716819,0.183565623,-0.177272047,-0.000336723
214.0913149,231.9149312,19.99996374,0.966716825,0.183564489,-0.177273189,-0.000336726
214.0176324,231.8386373,19.99996374,0.966716831,0.183563339,-0.177274347,-0.000336729
213.9439494,231.7623439,19.99996374,0.966716837,0.183562173,-0.177275521,-0.000336732
213.8702659,231.686051,19.99996374,0.966716844,0.183560991,-0.177276711,-0.000336735
213.7965819,231.6097586,19.99996374,0.96671685,0.183559792,-0.177277918,-0.000336738
213.7228974,231.5334667,19.99996374,0.966716857,0.183558576,-0.177279143,-0.000336741
213.6492124,231.4571753,19.99996374,0.966716863,0.183557341,-0.177280385,-0.000336745
213.5755268,231.3808845,19.99996374,0.96671687,0.183556088,-0.177281645,-0.000336748
213.5018408,231.3045941,19.99996374,0.966716877,0.183554815,-0.177282925,-0.000336752
213.4337159,231.2232349,19.99996375,0.966685657,0.19574701,-0.163900722,-0.000367059
213.3655905,231.1418762,19.99996374,0.966685687,0.195745685,-0.163902128,-0.000367133
213.2974645,231.0605181,19.99996374,0.966685718,0.195744342,-0.163903554,-0.000367208
213.2293379,230.9791605,19.99996374,0.96668575,0.195742979,-0.163905,-0.000367285
213.1612107,230.8978035,19.99996374,0.966685782,0.195741596,-0.163906468,-0.000367363
213.0930829,230.8164471,19.99996374,0.966685814,0.195740192,-0.163907956,-0.000367442
213.0249544,230.7350913,19.99996374,0.966685848,0.195738765,-0.163909467,-0.000367522
212.9568253,230.6537361,19.99996374,0.966685882,0.195737317,-0.163911001,-0.000367604
212.8886956,230.5723815,19.99996374,0.966685916,0.195735846,-0.163912558,-0.000367687
212.8133706,230.4977403,19.99996374,0.966730718,0.179588465,-0.181227778,-0.000347918
212.7380451,230.4230996,19.99996374,0.966730725,0.179587207,-0.181228988,-0.000347922
212.6627191,230.3484595,19.99996374,0.966730733,0.179585931,-0.181230216,-0.000347925
212.5873926,230.2738199,19.99996374,0.96673074,0.179584636,-0.181231461,-0.000347929
212.5120656,230.1991808,19.99996375,0.966730747,0.179583322,-0.181232725,-0.000347933
212.4352945,230.1260595,19.99996374,0.966744405,0.175933101,-0.184708662,-0.000358726
212.3585229,230.0529387,19.99996375,0.966744413,0.175931711,-0.184709945,-0.00035873
212.2817508,229.9798185,19.99996374,0.966744421,0.175930299,-0.184711247,-0.000358734
212.2049781,229.9066989,19.99996374,0.966744429,0.175928866,-0.184712571,-0.000358739
212.1282049,229.83358,19.99996374,0.966744438,0.175927409,-0.184713913,-0.000358743
212.0514311,229.7604616,19.99996374,0.966744447,0.17592593,-0.184715278,-0.000358747
211.9746567,229.6873439,19.99996374,0.966744455,0.175924426,-0.184716665,-0.000358752
211.8978817,229.6142267,19.99996374,0.966744465,0.175922897,-0.184718073,-0.000358756
211.8211062,229.5411103,19.99996374,0.966744474,0.175921344,-0.184719506,-0.000358761
211.74433,229.4679945,19.99996374,0.966744483,0.175919763,-0.184720962,-0.000358766
211.6675532,229.3948794,19.99996374,0.966744493,0.175918155,-0.184722444,-0.000358771
211.5907758,229.3217649,19.99996374,0.966744503,0.175916518,-0.184723951,-0.000358776
211.5139978,229.2486511,19.99996374,0.966744513,0.175914853,-0.184725485,-0.000358781
211.4372191,229.1755381,19.99996374,0.966744524,0.175913156,-0.184727047,-0.000358786
211.3604397,229.1024257,19.99996374,0.966744535,0.175911427,-0.184728638,-0.000358791
211.2836597,229.0293141,19.99996374,0.966744545,0.175909667,-0.184730259,-0.000358796
211.206879,228.9562033,19.99996374,0.966744557,0.175907871,-0.18473191,-0.000358801
211.1300976,228.8830932,19.99996374,0.966744568,0.17590604,-0.184733594,-0.000358807
211.0533154,228.8099839,19.99996374,0.966744581,0.175904172,-0.184735311,-0.000358812
210.9765326,228.7368753,19.99996374,0.966744593,0.175902266,-0.184737063,-0.000358818
210.899749,228.6637676,19.99996374,0.966744605,0.17590032,-0.184738851,-0.000358824
210.8229646,228.5906607,19.99996375,0.966744618,0.175898331,-0.184740677,-0.00035883
210.7461795,228.5175547,19.99996375,0.966744632,0.175896299,-0.184742543,-0.000358836
210.6693936,228.4444495,19.99996374,0.966744646,0.175894222,-0.184744449,-0.000358842
210.5926068,228.3713452,19.99996374,0.96674466,0.175892097,-0.184746399,-0.000358848
210.5158193,228.2982418,19.99996374,0.966744675,0.175889922,-0.184748394,-0.000358855
210.4390309,228.2251394,19.99996374,0.96674469,0.175887694,-0.184750437,-0.000358861
210.3622416,228.1520378,19.99996374,0.966744706,0.175885412,-0.184752528,-0.000358868
210.2854514,228.0789373,19.99996375,0.966744722,0.175883072,-0.184754672,-0.000358875
210.2086603,228.0058378,19.99996374,0.96674474,0.175880671,-0.18475687,-0.000358882
210.1318683,227.9327392,19.99996374,0.966744757,0.175878206,-0.184759126,-0.000358889
210.076259,227.8406002,19.99995659,0.965733606,0.221570514,-0.133726003,-0.000105991
210.0206488,227.7484607,19.99995659,0.965733443,0.221570411,-0.133727338,-0.000105986
209.9650381,227.6563214,19.99995659,0.965733449,0.221569765,-0.133728364,-0.000105993
209.909427,227.5641824,19.99995659,0.965733456,0.221569104,-0.133729411,-0.000106
209.8538155,227.4720437,19.99995659,0.965733463,0.221568429,-0.13373048,-0.000106007
209.7982035,227.3799053,19.99995659,0.96573347,0.221567738,-0.133731573,-0.000106014
209.7425911,227.2877671,19.99995659,0.965733478,0.221567032,-0.133732689,-0.000106022
209.6869782,227.1956293,19.99995659,0.965733485,0.221566309,-0.133733831,-0.000106029
209.6062073,227.126472,19.9999627,0.966549518,0.166376444,-0.194310009,-0.000140006
209.5254367,227.0573155,19.9999627,0.966549664,0.166375537,-0.19431007,-0.00014001
209.444666,226.9881592,19.9999627,0.966549669,0.166374962,-0.19431054,-0.000140017
209.3638951,226.9190031,19.9999627,0.966549674,0.166374376,-0.194311017,-0.000140024
209.2831239,226.8498473,19.9999627,0.966549679,0.166373778,-0.194311503,-0.000140031
209.2044862,226.7787852,19.99996374,0.966764578,0.170980384,-0.18920222,-0.000374994
209.1258481,226.7077237,19.99996374,0.96676461,0.170979036,-0.189203278,-0.000374997
209.047777,226.6360244,19.99996374,0.966758129,0.172512865,-0.187838279,-0.000369763
208.9697054,226.5643257,19.99996374,0.966758137,0.172511598,-0.187839406,-0.000369767
208.8916333,226.4926275,19.99996374,0.966758144,0.172510314,-0.187840548,-0.000369771
208.8135608,226.4209298,19.99996374,0.966758151,0.172509014,-0.187841705,-0.000369776
208.7354877,226.3492327,19.99996374,0.966758159,0.172507695,-0.187842877,-0.00036978
208.6574142,226.2775362,19.99996374,0.966758167,0.172506358,-0.187844066,-0.000369784
208.5690433,226.2177645,19.99996157,0.966326123,0.143782053,-0.212571201,-2.74899E-05
208.4806722,226.1579926,19.99996157,0.966326073,0.143782009,-0.212571456,-2.74849E-05
208.392301,226.0982209,19.99996157,0.966326076,0.143781854,-0.212571546,-2.74827E-05
208.3039298,226.0384492,19.99996157,0.96632608,0.143781696,-0.212571637,-2.74805E-05
208.2155586,225.9786775,19.99996157,0.966326083,0.143781536,-0.212571728,-2.74783E-05
208.1271873,225.918906,19.99996157,0.966326087,0.143781375,-0.212571821,-2.74761E-05
208.038816,225.8591345,19.99996157,0.966326091,0.143781211,-0.212571915,-2.74738E-05
